time_sk,full_time,hour,minute,day_part,full_time_ampm
1,00:00,0,0,Night,12:00 AM
2,00:01,0,1,Night,12:01 AM
3,00:02,0,2,Night,12:02 AM
4,00:03,0,3,Night,12:03 AM
5,00:04,0,4,Night,12:04 AM
6,00:05,0,5,Night,12:05 AM
7,00:06,0,6,Night,12:06 AM
8,00:07,0,7,Night,12:07 AM
9,00:08,0,8,Night,12:08 AM
10,00:09,0,9,Night,12:09 AM
11,00:10,0,10,Night,12:10 AM
12,00:11,0,11,Night,12:11 AM
13,00:12,0,12,Night,12:12 AM
14,00:13,0,13,Night,12:13 AM
15,00:14,0,14,Night,12:14 AM
16,00:15,0,15,Night,12:15 AM
17,00:16,0,16,Night,12:16 AM
18,00:17,0,17,Night,12:17 AM
19,00:18,0,18,Night,12:18 AM
20,00:19,0,19,Night,12:19 AM
21,00:20,0,20,Night,12:20 AM
22,00:21,0,21,Night,12:21 AM
23,00:22,0,22,Night,12:22 AM
24,00:23,0,23,Night,12:23 AM
25,00:24,0,24,Night,12:24 AM
26,00:25,0,25,Night,12:25 AM
27,00:26,0,26,Night,12:26 AM
28,00:27,0,27,Night,12:27 AM
29,00:28,0,28,Night,12:28 AM
30,00:29,0,29,Night,12:29 AM
31,00:30,0,30,Night,12:30 AM
32,00:31,0,31,Night,12:31 AM
33,00:32,0,32,Night,12:32 AM
34,00:33,0,33,Night,12:33 AM
35,00:34,0,34,Night,12:34 AM
36,00:35,0,35,Night,12:35 AM
37,00:36,0,36,Night,12:36 AM
38,00:37,0,37,Night,12:37 AM
39,00:38,0,38,Night,12:38 AM
40,00:39,0,39,Night,12:39 AM
41,00:40,0,40,Night,12:40 AM
42,00:41,0,41,Night,12:41 AM
43,00:42,0,42,Night,12:42 AM
44,00:43,0,43,Night,12:43 AM
45,00:44,0,44,Night,12:44 AM
46,00:45,0,45,Night,12:45 AM
47,00:46,0,46,Night,12:46 AM
48,00:47,0,47,Night,12:47 AM
49,00:48,0,48,Night,12:48 AM
50,00:49,0,49,Night,12:49 AM
51,00:50,0,50,Night,12:50 AM
52,00:51,0,51,Night,12:51 AM
53,00:52,0,52,Night,12:52 AM
54,00:53,0,53,Night,12:53 AM
55,00:54,0,54,Night,12:54 AM
56,00:55,0,55,Night,12:55 AM
57,00:56,0,56,Night,12:56 AM
58,00:57,0,57,Night,12:57 AM
59,00:58,0,58,Night,12:58 AM
60,00:59,0,59,Night,12:59 AM
61,01:00,1,0,Night,01:00 AM
62,01:01,1,1,Night,01:01 AM
63,01:02,1,2,Night,01:02 AM
64,01:03,1,3,Night,01:03 AM
65,01:04,1,4,Night,01:04 AM
66,01:05,1,5,Night,01:05 AM
67,01:06,1,6,Night,01:06 AM
68,01:07,1,7,Night,01:07 AM
69,01:08,1,8,Night,01:08 AM
70,01:09,1,9,Night,01:09 AM
71,01:10,1,10,Night,01:10 AM
72,01:11,1,11,Night,01:11 AM
73,01:12,1,12,Night,01:12 AM
74,01:13,1,13,Night,01:13 AM
75,01:14,1,14,Night,01:14 AM
76,01:15,1,15,Night,01:15 AM
77,01:16,1,16,Night,01:16 AM
78,01:17,1,17,Night,01:17 AM
79,01:18,1,18,Night,01:18 AM
80,01:19,1,19,Night,01:19 AM
81,01:20,1,20,Night,01:20 AM
82,01:21,1,21,Night,01:21 AM
83,01:22,1,22,Night,01:22 AM
84,01:23,1,23,Night,01:23 AM
85,01:24,1,24,Night,01:24 AM
86,01:25,1,25,Night,01:25 AM
87,01:26,1,26,Night,01:26 AM
88,01:27,1,27,Night,01:27 AM
89,01:28,1,28,Night,01:28 AM
90,01:29,1,29,Night,01:29 AM
91,01:30,1,30,Night,01:30 AM
92,01:31,1,31,Night,01:31 AM
93,01:32,1,32,Night,01:32 AM
94,01:33,1,33,Night,01:33 AM
95,01:34,1,34,Night,01:34 AM
96,01:35,1,35,Night,01:35 AM
97,01:36,1,36,Night,01:36 AM
98,01:37,1,37,Night,01:37 AM
99,01:38,1,38,Night,01:38 AM
100,01:39,1,39,Night,01:39 AM
101,01:40,1,40,Night,01:40 AM
102,01:41,1,41,Night,01:41 AM
103,01:42,1,42,Night,01:42 AM
104,01:43,1,43,Night,01:43 AM
105,01:44,1,44,Night,01:44 AM
106,01:45,1,45,Night,01:45 AM
107,01:46,1,46,Night,01:46 AM
108,01:47,1,47,Night,01:47 AM
109,01:48,1,48,Night,01:48 AM
110,01:49,1,49,Night,01:49 AM
111,01:50,1,50,Night,01:50 AM
112,01:51,1,51,Night,01:51 AM
113,01:52,1,52,Night,01:52 AM
114,01:53,1,53,Night,01:53 AM
115,01:54,1,54,Night,01:54 AM
116,01:55,1,55,Night,01:55 AM
117,01:56,1,56,Night,01:56 AM
118,01:57,1,57,Night,01:57 AM
119,01:58,1,58,Night,01:58 AM
120,01:59,1,59,Night,01:59 AM
121,02:00,2,0,Night,02:00 AM
122,02:01,2,1,Night,02:01 AM
123,02:02,2,2,Night,02:02 AM
124,02:03,2,3,Night,02:03 AM
125,02:04,2,4,Night,02:04 AM
126,02:05,2,5,Night,02:05 AM
127,02:06,2,6,Night,02:06 AM
128,02:07,2,7,Night,02:07 AM
129,02:08,2,8,Night,02:08 AM
130,02:09,2,9,Night,02:09 AM
131,02:10,2,10,Night,02:10 AM
132,02:11,2,11,Night,02:11 AM
133,02:12,2,12,Night,02:12 AM
134,02:13,2,13,Night,02:13 AM
135,02:14,2,14,Night,02:14 AM
136,02:15,2,15,Night,02:15 AM
137,02:16,2,16,Night,02:16 AM
138,02:17,2,17,Night,02:17 AM
139,02:18,2,18,Night,02:18 AM
140,02:19,2,19,Night,02:19 AM
141,02:20,2,20,Night,02:20 AM
142,02:21,2,21,Night,02:21 AM
143,02:22,2,22,Night,02:22 AM
144,02:23,2,23,Night,02:23 AM
145,02:24,2,24,Night,02:24 AM
146,02:25,2,25,Night,02:25 AM
147,02:26,2,26,Night,02:26 AM
148,02:27,2,27,Night,02:27 AM
149,02:28,2,28,Night,02:28 AM
150,02:29,2,29,Night,02:29 AM
151,02:30,2,30,Night,02:30 AM
152,02:31,2,31,Night,02:31 AM
153,02:32,2,32,Night,02:32 AM
154,02:33,2,33,Night,02:33 AM
155,02:34,2,34,Night,02:34 AM
156,02:35,2,35,Night,02:35 AM
157,02:36,2,36,Night,02:36 AM
158,02:37,2,37,Night,02:37 AM
159,02:38,2,38,Night,02:38 AM
160,02:39,2,39,Night,02:39 AM
161,02:40,2,40,Night,02:40 AM
162,02:41,2,41,Night,02:41 AM
163,02:42,2,42,Night,02:42 AM
164,02:43,2,43,Night,02:43 AM
165,02:44,2,44,Night,02:44 AM
166,02:45,2,45,Night,02:45 AM
167,02:46,2,46,Night,02:46 AM
168,02:47,2,47,Night,02:47 AM
169,02:48,2,48,Night,02:48 AM
170,02:49,2,49,Night,02:49 AM
171,02:50,2,50,Night,02:50 AM
172,02:51,2,51,Night,02:51 AM
173,02:52,2,52,Night,02:52 AM
174,02:53,2,53,Night,02:53 AM
175,02:54,2,54,Night,02:54 AM
176,02:55,2,55,Night,02:55 AM
177,02:56,2,56,Night,02:56 AM
178,02:57,2,57,Night,02:57 AM
179,02:58,2,58,Night,02:58 AM
180,02:59,2,59,Night,02:59 AM
181,03:00,3,0,Night,03:00 AM
182,03:01,3,1,Night,03:01 AM
183,03:02,3,2,Night,03:02 AM
184,03:03,3,3,Night,03:03 AM
185,03:04,3,4,Night,03:04 AM
186,03:05,3,5,Night,03:05 AM
187,03:06,3,6,Night,03:06 AM
188,03:07,3,7,Night,03:07 AM
189,03:08,3,8,Night,03:08 AM
190,03:09,3,9,Night,03:09 AM
191,03:10,3,10,Night,03:10 AM
192,03:11,3,11,Night,03:11 AM
193,03:12,3,12,Night,03:12 AM
194,03:13,3,13,Night,03:13 AM
195,03:14,3,14,Night,03:14 AM
196,03:15,3,15,Night,03:15 AM
197,03:16,3,16,Night,03:16 AM
198,03:17,3,17,Night,03:17 AM
199,03:18,3,18,Night,03:18 AM
200,03:19,3,19,Night,03:19 AM
201,03:20,3,20,Night,03:20 AM
202,03:21,3,21,Night,03:21 AM
203,03:22,3,22,Night,03:22 AM
204,03:23,3,23,Night,03:23 AM
205,03:24,3,24,Night,03:24 AM
206,03:25,3,25,Night,03:25 AM
207,03:26,3,26,Night,03:26 AM
208,03:27,3,27,Night,03:27 AM
209,03:28,3,28,Night,03:28 AM
210,03:29,3,29,Night,03:29 AM
211,03:30,3,30,Night,03:30 AM
212,03:31,3,31,Night,03:31 AM
213,03:32,3,32,Night,03:32 AM
214,03:33,3,33,Night,03:33 AM
215,03:34,3,34,Night,03:34 AM
216,03:35,3,35,Night,03:35 AM
217,03:36,3,36,Night,03:36 AM
218,03:37,3,37,Night,03:37 AM
219,03:38,3,38,Night,03:38 AM
220,03:39,3,39,Night,03:39 AM
221,03:40,3,40,Night,03:40 AM
222,03:41,3,41,Night,03:41 AM
223,03:42,3,42,Night,03:42 AM
224,03:43,3,43,Night,03:43 AM
225,03:44,3,44,Night,03:44 AM
226,03:45,3,45,Night,03:45 AM
227,03:46,3,46,Night,03:46 AM
228,03:47,3,47,Night,03:47 AM
229,03:48,3,48,Night,03:48 AM
230,03:49,3,49,Night,03:49 AM
231,03:50,3,50,Night,03:50 AM
232,03:51,3,51,Night,03:51 AM
233,03:52,3,52,Night,03:52 AM
234,03:53,3,53,Night,03:53 AM
235,03:54,3,54,Night,03:54 AM
236,03:55,3,55,Night,03:55 AM
237,03:56,3,56,Night,03:56 AM
238,03:57,3,57,Night,03:57 AM
239,03:58,3,58,Night,03:58 AM
240,03:59,3,59,Night,03:59 AM
241,04:00,4,0,Night,04:00 AM
242,04:01,4,1,Night,04:01 AM
243,04:02,4,2,Night,04:02 AM
244,04:03,4,3,Night,04:03 AM
245,04:04,4,4,Night,04:04 AM
246,04:05,4,5,Night,04:05 AM
247,04:06,4,6,Night,04:06 AM
248,04:07,4,7,Night,04:07 AM
249,04:08,4,8,Night,04:08 AM
250,04:09,4,9,Night,04:09 AM
251,04:10,4,10,Night,04:10 AM
252,04:11,4,11,Night,04:11 AM
253,04:12,4,12,Night,04:12 AM
254,04:13,4,13,Night,04:13 AM
255,04:14,4,14,Night,04:14 AM
256,04:15,4,15,Night,04:15 AM
257,04:16,4,16,Night,04:16 AM
258,04:17,4,17,Night,04:17 AM
259,04:18,4,18,Night,04:18 AM
260,04:19,4,19,Night,04:19 AM
261,04:20,4,20,Night,04:20 AM
262,04:21,4,21,Night,04:21 AM
263,04:22,4,22,Night,04:22 AM
264,04:23,4,23,Night,04:23 AM
265,04:24,4,24,Night,04:24 AM
266,04:25,4,25,Night,04:25 AM
267,04:26,4,26,Night,04:26 AM
268,04:27,4,27,Night,04:27 AM
269,04:28,4,28,Night,04:28 AM
270,04:29,4,29,Night,04:29 AM
271,04:30,4,30,Night,04:30 AM
272,04:31,4,31,Night,04:31 AM
273,04:32,4,32,Night,04:32 AM
274,04:33,4,33,Night,04:33 AM
275,04:34,4,34,Night,04:34 AM
276,04:35,4,35,Night,04:35 AM
277,04:36,4,36,Night,04:36 AM
278,04:37,4,37,Night,04:37 AM
279,04:38,4,38,Night,04:38 AM
280,04:39,4,39,Night,04:39 AM
281,04:40,4,40,Night,04:40 AM
282,04:41,4,41,Night,04:41 AM
283,04:42,4,42,Night,04:42 AM
284,04:43,4,43,Night,04:43 AM
285,04:44,4,44,Night,04:44 AM
286,04:45,4,45,Night,04:45 AM
287,04:46,4,46,Night,04:46 AM
288,04:47,4,47,Night,04:47 AM
289,04:48,4,48,Night,04:48 AM
290,04:49,4,49,Night,04:49 AM
291,04:50,4,50,Night,04:50 AM
292,04:51,4,51,Night,04:51 AM
293,04:52,4,52,Night,04:52 AM
294,04:53,4,53,Night,04:53 AM
295,04:54,4,54,Night,04:54 AM
296,04:55,4,55,Night,04:55 AM
297,04:56,4,56,Night,04:56 AM
298,04:57,4,57,Night,04:57 AM
299,04:58,4,58,Night,04:58 AM
300,04:59,4,59,Night,04:59 AM
301,05:00,5,0,Morning,05:00 AM
302,05:01,5,1,Morning,05:01 AM
303,05:02,5,2,Morning,05:02 AM
304,05:03,5,3,Morning,05:03 AM
305,05:04,5,4,Morning,05:04 AM
306,05:05,5,5,Morning,05:05 AM
307,05:06,5,6,Morning,05:06 AM
308,05:07,5,7,Morning,05:07 AM
309,05:08,5,8,Morning,05:08 AM
310,05:09,5,9,Morning,05:09 AM
311,05:10,5,10,Morning,05:10 AM
312,05:11,5,11,Morning,05:11 AM
313,05:12,5,12,Morning,05:12 AM
314,05:13,5,13,Morning,05:13 AM
315,05:14,5,14,Morning,05:14 AM
316,05:15,5,15,Morning,05:15 AM
317,05:16,5,16,Morning,05:16 AM
318,05:17,5,17,Morning,05:17 AM
319,05:18,5,18,Morning,05:18 AM
320,05:19,5,19,Morning,05:19 AM
321,05:20,5,20,Morning,05:20 AM
322,05:21,5,21,Morning,05:21 AM
323,05:22,5,22,Morning,05:22 AM
324,05:23,5,23,Morning,05:23 AM
325,05:24,5,24,Morning,05:24 AM
326,05:25,5,25,Morning,05:25 AM
327,05:26,5,26,Morning,05:26 AM
328,05:27,5,27,Morning,05:27 AM
329,05:28,5,28,Morning,05:28 AM
330,05:29,5,29,Morning,05:29 AM
331,05:30,5,30,Morning,05:30 AM
332,05:31,5,31,Morning,05:31 AM
333,05:32,5,32,Morning,05:32 AM
334,05:33,5,33,Morning,05:33 AM
335,05:34,5,34,Morning,05:34 AM
336,05:35,5,35,Morning,05:35 AM
337,05:36,5,36,Morning,05:36 AM
338,05:37,5,37,Morning,05:37 AM
339,05:38,5,38,Morning,05:38 AM
340,05:39,5,39,Morning,05:39 AM
341,05:40,5,40,Morning,05:40 AM
342,05:41,5,41,Morning,05:41 AM
343,05:42,5,42,Morning,05:42 AM
344,05:43,5,43,Morning,05:43 AM
345,05:44,5,44,Morning,05:44 AM
346,05:45,5,45,Morning,05:45 AM
347,05:46,5,46,Morning,05:46 AM
348,05:47,5,47,Morning,05:47 AM
349,05:48,5,48,Morning,05:48 AM
350,05:49,5,49,Morning,05:49 AM
351,05:50,5,50,Morning,05:50 AM
352,05:51,5,51,Morning,05:51 AM
353,05:52,5,52,Morning,05:52 AM
354,05:53,5,53,Morning,05:53 AM
355,05:54,5,54,Morning,05:54 AM
356,05:55,5,55,Morning,05:55 AM
357,05:56,5,56,Morning,05:56 AM
358,05:57,5,57,Morning,05:57 AM
359,05:58,5,58,Morning,05:58 AM
360,05:59,5,59,Morning,05:59 AM
361,06:00,6,0,Morning,06:00 AM
362,06:01,6,1,Morning,06:01 AM
363,06:02,6,2,Morning,06:02 AM
364,06:03,6,3,Morning,06:03 AM
365,06:04,6,4,Morning,06:04 AM
366,06:05,6,5,Morning,06:05 AM
367,06:06,6,6,Morning,06:06 AM
368,06:07,6,7,Morning,06:07 AM
369,06:08,6,8,Morning,06:08 AM
370,06:09,6,9,Morning,06:09 AM
371,06:10,6,10,Morning,06:10 AM
372,06:11,6,11,Morning,06:11 AM
373,06:12,6,12,Morning,06:12 AM
374,06:13,6,13,Morning,06:13 AM
375,06:14,6,14,Morning,06:14 AM
376,06:15,6,15,Morning,06:15 AM
377,06:16,6,16,Morning,06:16 AM
378,06:17,6,17,Morning,06:17 AM
379,06:18,6,18,Morning,06:18 AM
380,06:19,6,19,Morning,06:19 AM
381,06:20,6,20,Morning,06:20 AM
382,06:21,6,21,Morning,06:21 AM
383,06:22,6,22,Morning,06:22 AM
384,06:23,6,23,Morning,06:23 AM
385,06:24,6,24,Morning,06:24 AM
386,06:25,6,25,Morning,06:25 AM
387,06:26,6,26,Morning,06:26 AM
388,06:27,6,27,Morning,06:27 AM
389,06:28,6,28,Morning,06:28 AM
390,06:29,6,29,Morning,06:29 AM
391,06:30,6,30,Morning,06:30 AM
392,06:31,6,31,Morning,06:31 AM
393,06:32,6,32,Morning,06:32 AM
394,06:33,6,33,Morning,06:33 AM
395,06:34,6,34,Morning,06:34 AM
396,06:35,6,35,Morning,06:35 AM
397,06:36,6,36,Morning,06:36 AM
398,06:37,6,37,Morning,06:37 AM
399,06:38,6,38,Morning,06:38 AM
400,06:39,6,39,Morning,06:39 AM
401,06:40,6,40,Morning,06:40 AM
402,06:41,6,41,Morning,06:41 AM
403,06:42,6,42,Morning,06:42 AM
404,06:43,6,43,Morning,06:43 AM
405,06:44,6,44,Morning,06:44 AM
406,06:45,6,45,Morning,06:45 AM
407,06:46,6,46,Morning,06:46 AM
408,06:47,6,47,Morning,06:47 AM
409,06:48,6,48,Morning,06:48 AM
410,06:49,6,49,Morning,06:49 AM
411,06:50,6,50,Morning,06:50 AM
412,06:51,6,51,Morning,06:51 AM
413,06:52,6,52,Morning,06:52 AM
414,06:53,6,53,Morning,06:53 AM
415,06:54,6,54,Morning,06:54 AM
416,06:55,6,55,Morning,06:55 AM
417,06:56,6,56,Morning,06:56 AM
418,06:57,6,57,Morning,06:57 AM
419,06:58,6,58,Morning,06:58 AM
420,06:59,6,59,Morning,06:59 AM
421,07:00,7,0,Morning,07:00 AM
422,07:01,7,1,Morning,07:01 AM
423,07:02,7,2,Morning,07:02 AM
424,07:03,7,3,Morning,07:03 AM
425,07:04,7,4,Morning,07:04 AM
426,07:05,7,5,Morning,07:05 AM
427,07:06,7,6,Morning,07:06 AM
428,07:07,7,7,Morning,07:07 AM
429,07:08,7,8,Morning,07:08 AM
430,07:09,7,9,Morning,07:09 AM
431,07:10,7,10,Morning,07:10 AM
432,07:11,7,11,Morning,07:11 AM
433,07:12,7,12,Morning,07:12 AM
434,07:13,7,13,Morning,07:13 AM
435,07:14,7,14,Morning,07:14 AM
436,07:15,7,15,Morning,07:15 AM
437,07:16,7,16,Morning,07:16 AM
438,07:17,7,17,Morning,07:17 AM
439,07:18,7,18,Morning,07:18 AM
440,07:19,7,19,Morning,07:19 AM
441,07:20,7,20,Morning,07:20 AM
442,07:21,7,21,Morning,07:21 AM
443,07:22,7,22,Morning,07:22 AM
444,07:23,7,23,Morning,07:23 AM
445,07:24,7,24,Morning,07:24 AM
446,07:25,7,25,Morning,07:25 AM
447,07:26,7,26,Morning,07:26 AM
448,07:27,7,27,Morning,07:27 AM
449,07:28,7,28,Morning,07:28 AM
450,07:29,7,29,Morning,07:29 AM
451,07:30,7,30,Morning,07:30 AM
452,07:31,7,31,Morning,07:31 AM
453,07:32,7,32,Morning,07:32 AM
454,07:33,7,33,Morning,07:33 AM
455,07:34,7,34,Morning,07:34 AM
456,07:35,7,35,Morning,07:35 AM
457,07:36,7,36,Morning,07:36 AM
458,07:37,7,37,Morning,07:37 AM
459,07:38,7,38,Morning,07:38 AM
460,07:39,7,39,Morning,07:39 AM
461,07:40,7,40,Morning,07:40 AM
462,07:41,7,41,Morning,07:41 AM
463,07:42,7,42,Morning,07:42 AM
464,07:43,7,43,Morning,07:43 AM
465,07:44,7,44,Morning,07:44 AM
466,07:45,7,45,Morning,07:45 AM
467,07:46,7,46,Morning,07:46 AM
468,07:47,7,47,Morning,07:47 AM
469,07:48,7,48,Morning,07:48 AM
470,07:49,7,49,Morning,07:49 AM
471,07:50,7,50,Morning,07:50 AM
472,07:51,7,51,Morning,07:51 AM
473,07:52,7,52,Morning,07:52 AM
474,07:53,7,53,Morning,07:53 AM
475,07:54,7,54,Morning,07:54 AM
476,07:55,7,55,Morning,07:55 AM
477,07:56,7,56,Morning,07:56 AM
478,07:57,7,57,Morning,07:57 AM
479,07:58,7,58,Morning,07:58 AM
480,07:59,7,59,Morning,07:59 AM
481,08:00,8,0,Morning,08:00 AM
482,08:01,8,1,Morning,08:01 AM
483,08:02,8,2,Morning,08:02 AM
484,08:03,8,3,Morning,08:03 AM
485,08:04,8,4,Morning,08:04 AM
486,08:05,8,5,Morning,08:05 AM
487,08:06,8,6,Morning,08:06 AM
488,08:07,8,7,Morning,08:07 AM
489,08:08,8,8,Morning,08:08 AM
490,08:09,8,9,Morning,08:09 AM
491,08:10,8,10,Morning,08:10 AM
492,08:11,8,11,Morning,08:11 AM
493,08:12,8,12,Morning,08:12 AM
494,08:13,8,13,Morning,08:13 AM
495,08:14,8,14,Morning,08:14 AM
496,08:15,8,15,Morning,08:15 AM
497,08:16,8,16,Morning,08:16 AM
498,08:17,8,17,Morning,08:17 AM
499,08:18,8,18,Morning,08:18 AM
500,08:19,8,19,Morning,08:19 AM
501,08:20,8,20,Morning,08:20 AM
502,08:21,8,21,Morning,08:21 AM
503,08:22,8,22,Morning,08:22 AM
504,08:23,8,23,Morning,08:23 AM
505,08:24,8,24,Morning,08:24 AM
506,08:25,8,25,Morning,08:25 AM
507,08:26,8,26,Morning,08:26 AM
508,08:27,8,27,Morning,08:27 AM
509,08:28,8,28,Morning,08:28 AM
510,08:29,8,29,Morning,08:29 AM
511,08:30,8,30,Morning,08:30 AM
512,08:31,8,31,Morning,08:31 AM
513,08:32,8,32,Morning,08:32 AM
514,08:33,8,33,Morning,08:33 AM
515,08:34,8,34,Morning,08:34 AM
516,08:35,8,35,Morning,08:35 AM
517,08:36,8,36,Morning,08:36 AM
518,08:37,8,37,Morning,08:37 AM
519,08:38,8,38,Morning,08:38 AM
520,08:39,8,39,Morning,08:39 AM
521,08:40,8,40,Morning,08:40 AM
522,08:41,8,41,Morning,08:41 AM
523,08:42,8,42,Morning,08:42 AM
524,08:43,8,43,Morning,08:43 AM
525,08:44,8,44,Morning,08:44 AM
526,08:45,8,45,Morning,08:45 AM
527,08:46,8,46,Morning,08:46 AM
528,08:47,8,47,Morning,08:47 AM
529,08:48,8,48,Morning,08:48 AM
530,08:49,8,49,Morning,08:49 AM
531,08:50,8,50,Morning,08:50 AM
532,08:51,8,51,Morning,08:51 AM
533,08:52,8,52,Morning,08:52 AM
534,08:53,8,53,Morning,08:53 AM
535,08:54,8,54,Morning,08:54 AM
536,08:55,8,55,Morning,08:55 AM
537,08:56,8,56,Morning,08:56 AM
538,08:57,8,57,Morning,08:57 AM
539,08:58,8,58,Morning,08:58 AM
540,08:59,8,59,Morning,08:59 AM
541,09:00,9,0,Morning,09:00 AM
542,09:01,9,1,Morning,09:01 AM
543,09:02,9,2,Morning,09:02 AM
544,09:03,9,3,Morning,09:03 AM
545,09:04,9,4,Morning,09:04 AM
546,09:05,9,5,Morning,09:05 AM
547,09:06,9,6,Morning,09:06 AM
548,09:07,9,7,Morning,09:07 AM
549,09:08,9,8,Morning,09:08 AM
550,09:09,9,9,Morning,09:09 AM
551,09:10,9,10,Morning,09:10 AM
552,09:11,9,11,Morning,09:11 AM
553,09:12,9,12,Morning,09:12 AM
554,09:13,9,13,Morning,09:13 AM
555,09:14,9,14,Morning,09:14 AM
556,09:15,9,15,Morning,09:15 AM
557,09:16,9,16,Morning,09:16 AM
558,09:17,9,17,Morning,09:17 AM
559,09:18,9,18,Morning,09:18 AM
560,09:19,9,19,Morning,09:19 AM
561,09:20,9,20,Morning,09:20 AM
562,09:21,9,21,Morning,09:21 AM
563,09:22,9,22,Morning,09:22 AM
564,09:23,9,23,Morning,09:23 AM
565,09:24,9,24,Morning,09:24 AM
566,09:25,9,25,Morning,09:25 AM
567,09:26,9,26,Morning,09:26 AM
568,09:27,9,27,Morning,09:27 AM
569,09:28,9,28,Morning,09:28 AM
570,09:29,9,29,Morning,09:29 AM
571,09:30,9,30,Morning,09:30 AM
572,09:31,9,31,Morning,09:31 AM
573,09:32,9,32,Morning,09:32 AM
574,09:33,9,33,Morning,09:33 AM
575,09:34,9,34,Morning,09:34 AM
576,09:35,9,35,Morning,09:35 AM
577,09:36,9,36,Morning,09:36 AM
578,09:37,9,37,Morning,09:37 AM
579,09:38,9,38,Morning,09:38 AM
580,09:39,9,39,Morning,09:39 AM
581,09:40,9,40,Morning,09:40 AM
582,09:41,9,41,Morning,09:41 AM
583,09:42,9,42,Morning,09:42 AM
584,09:43,9,43,Morning,09:43 AM
585,09:44,9,44,Morning,09:44 AM
586,09:45,9,45,Morning,09:45 AM
587,09:46,9,46,Morning,09:46 AM
588,09:47,9,47,Morning,09:47 AM
589,09:48,9,48,Morning,09:48 AM
590,09:49,9,49,Morning,09:49 AM
591,09:50,9,50,Morning,09:50 AM
592,09:51,9,51,Morning,09:51 AM
593,09:52,9,52,Morning,09:52 AM
594,09:53,9,53,Morning,09:53 AM
595,09:54,9,54,Morning,09:54 AM
596,09:55,9,55,Morning,09:55 AM
597,09:56,9,56,Morning,09:56 AM
598,09:57,9,57,Morning,09:57 AM
599,09:58,9,58,Morning,09:58 AM
600,09:59,9,59,Morning,09:59 AM
601,10:00,10,0,Morning,10:00 AM
602,10:01,10,1,Morning,10:01 AM
603,10:02,10,2,Morning,10:02 AM
604,10:03,10,3,Morning,10:03 AM
605,10:04,10,4,Morning,10:04 AM
606,10:05,10,5,Morning,10:05 AM
607,10:06,10,6,Morning,10:06 AM
608,10:07,10,7,Morning,10:07 AM
609,10:08,10,8,Morning,10:08 AM
610,10:09,10,9,Morning,10:09 AM
611,10:10,10,10,Morning,10:10 AM
612,10:11,10,11,Morning,10:11 AM
613,10:12,10,12,Morning,10:12 AM
614,10:13,10,13,Morning,10:13 AM
615,10:14,10,14,Morning,10:14 AM
616,10:15,10,15,Morning,10:15 AM
617,10:16,10,16,Morning,10:16 AM
618,10:17,10,17,Morning,10:17 AM
619,10:18,10,18,Morning,10:18 AM
620,10:19,10,19,Morning,10:19 AM
621,10:20,10,20,Morning,10:20 AM
622,10:21,10,21,Morning,10:21 AM
623,10:22,10,22,Morning,10:22 AM
624,10:23,10,23,Morning,10:23 AM
625,10:24,10,24,Morning,10:24 AM
626,10:25,10,25,Morning,10:25 AM
627,10:26,10,26,Morning,10:26 AM
628,10:27,10,27,Morning,10:27 AM
629,10:28,10,28,Morning,10:28 AM
630,10:29,10,29,Morning,10:29 AM
631,10:30,10,30,Morning,10:30 AM
632,10:31,10,31,Morning,10:31 AM
633,10:32,10,32,Morning,10:32 AM
634,10:33,10,33,Morning,10:33 AM
635,10:34,10,34,Morning,10:34 AM
636,10:35,10,35,Morning,10:35 AM
637,10:36,10,36,Morning,10:36 AM
638,10:37,10,37,Morning,10:37 AM
639,10:38,10,38,Morning,10:38 AM
640,10:39,10,39,Morning,10:39 AM
641,10:40,10,40,Morning,10:40 AM
642,10:41,10,41,Morning,10:41 AM
643,10:42,10,42,Morning,10:42 AM
644,10:43,10,43,Morning,10:43 AM
645,10:44,10,44,Morning,10:44 AM
646,10:45,10,45,Morning,10:45 AM
647,10:46,10,46,Morning,10:46 AM
648,10:47,10,47,Morning,10:47 AM
649,10:48,10,48,Morning,10:48 AM
650,10:49,10,49,Morning,10:49 AM
651,10:50,10,50,Morning,10:50 AM
652,10:51,10,51,Morning,10:51 AM
653,10:52,10,52,Morning,10:52 AM
654,10:53,10,53,Morning,10:53 AM
655,10:54,10,54,Morning,10:54 AM
656,10:55,10,55,Morning,10:55 AM
657,10:56,10,56,Morning,10:56 AM
658,10:57,10,57,Morning,10:57 AM
659,10:58,10,58,Morning,10:58 AM
660,10:59,10,59,Morning,10:59 AM
661,11:00,11,0,Morning,11:00 AM
662,11:01,11,1,Morning,11:01 AM
663,11:02,11,2,Morning,11:02 AM
664,11:03,11,3,Morning,11:03 AM
665,11:04,11,4,Morning,11:04 AM
666,11:05,11,5,Morning,11:05 AM
667,11:06,11,6,Morning,11:06 AM
668,11:07,11,7,Morning,11:07 AM
669,11:08,11,8,Morning,11:08 AM
670,11:09,11,9,Morning,11:09 AM
671,11:10,11,10,Morning,11:10 AM
672,11:11,11,11,Morning,11:11 AM
673,11:12,11,12,Morning,11:12 AM
674,11:13,11,13,Morning,11:13 AM
675,11:14,11,14,Morning,11:14 AM
676,11:15,11,15,Morning,11:15 AM
677,11:16,11,16,Morning,11:16 AM
678,11:17,11,17,Morning,11:17 AM
679,11:18,11,18,Morning,11:18 AM
680,11:19,11,19,Morning,11:19 AM
681,11:20,11,20,Morning,11:20 AM
682,11:21,11,21,Morning,11:21 AM
683,11:22,11,22,Morning,11:22 AM
684,11:23,11,23,Morning,11:23 AM
685,11:24,11,24,Morning,11:24 AM
686,11:25,11,25,Morning,11:25 AM
687,11:26,11,26,Morning,11:26 AM
688,11:27,11,27,Morning,11:27 AM
689,11:28,11,28,Morning,11:28 AM
690,11:29,11,29,Morning,11:29 AM
691,11:30,11,30,Morning,11:30 AM
692,11:31,11,31,Morning,11:31 AM
693,11:32,11,32,Morning,11:32 AM
694,11:33,11,33,Morning,11:33 AM
695,11:34,11,34,Morning,11:34 AM
696,11:35,11,35,Morning,11:35 AM
697,11:36,11,36,Morning,11:36 AM
698,11:37,11,37,Morning,11:37 AM
699,11:38,11,38,Morning,11:38 AM
700,11:39,11,39,Morning,11:39 AM
701,11:40,11,40,Morning,11:40 AM
702,11:41,11,41,Morning,11:41 AM
703,11:42,11,42,Morning,11:42 AM
704,11:43,11,43,Morning,11:43 AM
705,11:44,11,44,Morning,11:44 AM
706,11:45,11,45,Morning,11:45 AM
707,11:46,11,46,Morning,11:46 AM
708,11:47,11,47,Morning,11:47 AM
709,11:48,11,48,Morning,11:48 AM
710,11:49,11,49,Morning,11:49 AM
711,11:50,11,50,Morning,11:50 AM
712,11:51,11,51,Morning,11:51 AM
713,11:52,11,52,Morning,11:52 AM
714,11:53,11,53,Morning,11:53 AM
715,11:54,11,54,Morning,11:54 AM
716,11:55,11,55,Morning,11:55 AM
717,11:56,11,56,Morning,11:56 AM
718,11:57,11,57,Morning,11:57 AM
719,11:58,11,58,Morning,11:58 AM
720,11:59,11,59,Morning,11:59 AM
721,12:00,12,0,Afternoon,12:00 PM
722,12:01,12,1,Afternoon,12:01 PM
723,12:02,12,2,Afternoon,12:02 PM
724,12:03,12,3,Afternoon,12:03 PM
725,12:04,12,4,Afternoon,12:04 PM
726,12:05,12,5,Afternoon,12:05 PM
727,12:06,12,6,Afternoon,12:06 PM
728,12:07,12,7,Afternoon,12:07 PM
729,12:08,12,8,Afternoon,12:08 PM
730,12:09,12,9,Afternoon,12:09 PM
731,12:10,12,10,Afternoon,12:10 PM
732,12:11,12,11,Afternoon,12:11 PM
733,12:12,12,12,Afternoon,12:12 PM
734,12:13,12,13,Afternoon,12:13 PM
735,12:14,12,14,Afternoon,12:14 PM
736,12:15,12,15,Afternoon,12:15 PM
737,12:16,12,16,Afternoon,12:16 PM
738,12:17,12,17,Afternoon,12:17 PM
739,12:18,12,18,Afternoon,12:18 PM
740,12:19,12,19,Afternoon,12:19 PM
741,12:20,12,20,Afternoon,12:20 PM
742,12:21,12,21,Afternoon,12:21 PM
743,12:22,12,22,Afternoon,12:22 PM
744,12:23,12,23,Afternoon,12:23 PM
745,12:24,12,24,Afternoon,12:24 PM
746,12:25,12,25,Afternoon,12:25 PM
747,12:26,12,26,Afternoon,12:26 PM
748,12:27,12,27,Afternoon,12:27 PM
749,12:28,12,28,Afternoon,12:28 PM
750,12:29,12,29,Afternoon,12:29 PM
751,12:30,12,30,Afternoon,12:30 PM
752,12:31,12,31,Afternoon,12:31 PM
753,12:32,12,32,Afternoon,12:32 PM
754,12:33,12,33,Afternoon,12:33 PM
755,12:34,12,34,Afternoon,12:34 PM
756,12:35,12,35,Afternoon,12:35 PM
757,12:36,12,36,Afternoon,12:36 PM
758,12:37,12,37,Afternoon,12:37 PM
759,12:38,12,38,Afternoon,12:38 PM
760,12:39,12,39,Afternoon,12:39 PM
761,12:40,12,40,Afternoon,12:40 PM
762,12:41,12,41,Afternoon,12:41 PM
763,12:42,12,42,Afternoon,12:42 PM
764,12:43,12,43,Afternoon,12:43 PM
765,12:44,12,44,Afternoon,12:44 PM
766,12:45,12,45,Afternoon,12:45 PM
767,12:46,12,46,Afternoon,12:46 PM
768,12:47,12,47,Afternoon,12:47 PM
769,12:48,12,48,Afternoon,12:48 PM
770,12:49,12,49,Afternoon,12:49 PM
771,12:50,12,50,Afternoon,12:50 PM
772,12:51,12,51,Afternoon,12:51 PM
773,12:52,12,52,Afternoon,12:52 PM
774,12:53,12,53,Afternoon,12:53 PM
775,12:54,12,54,Afternoon,12:54 PM
776,12:55,12,55,Afternoon,12:55 PM
777,12:56,12,56,Afternoon,12:56 PM
778,12:57,12,57,Afternoon,12:57 PM
779,12:58,12,58,Afternoon,12:58 PM
780,12:59,12,59,Afternoon,12:59 PM
781,13:00,13,0,Afternoon,01:00 PM
782,13:01,13,1,Afternoon,01:01 PM
783,13:02,13,2,Afternoon,01:02 PM
784,13:03,13,3,Afternoon,01:03 PM
785,13:04,13,4,Afternoon,01:04 PM
786,13:05,13,5,Afternoon,01:05 PM
787,13:06,13,6,Afternoon,01:06 PM
788,13:07,13,7,Afternoon,01:07 PM
789,13:08,13,8,Afternoon,01:08 PM
790,13:09,13,9,Afternoon,01:09 PM
791,13:10,13,10,Afternoon,01:10 PM
792,13:11,13,11,Afternoon,01:11 PM
793,13:12,13,12,Afternoon,01:12 PM
794,13:13,13,13,Afternoon,01:13 PM
795,13:14,13,14,Afternoon,01:14 PM
796,13:15,13,15,Afternoon,01:15 PM
797,13:16,13,16,Afternoon,01:16 PM
798,13:17,13,17,Afternoon,01:17 PM
799,13:18,13,18,Afternoon,01:18 PM
800,13:19,13,19,Afternoon,01:19 PM
801,13:20,13,20,Afternoon,01:20 PM
802,13:21,13,21,Afternoon,01:21 PM
803,13:22,13,22,Afternoon,01:22 PM
804,13:23,13,23,Afternoon,01:23 PM
805,13:24,13,24,Afternoon,01:24 PM
806,13:25,13,25,Afternoon,01:25 PM
807,13:26,13,26,Afternoon,01:26 PM
808,13:27,13,27,Afternoon,01:27 PM
809,13:28,13,28,Afternoon,01:28 PM
810,13:29,13,29,Afternoon,01:29 PM
811,13:30,13,30,Afternoon,01:30 PM
812,13:31,13,31,Afternoon,01:31 PM
813,13:32,13,32,Afternoon,01:32 PM
814,13:33,13,33,Afternoon,01:33 PM
815,13:34,13,34,Afternoon,01:34 PM
816,13:35,13,35,Afternoon,01:35 PM
817,13:36,13,36,Afternoon,01:36 PM
818,13:37,13,37,Afternoon,01:37 PM
819,13:38,13,38,Afternoon,01:38 PM
820,13:39,13,39,Afternoon,01:39 PM
821,13:40,13,40,Afternoon,01:40 PM
822,13:41,13,41,Afternoon,01:41 PM
823,13:42,13,42,Afternoon,01:42 PM
824,13:43,13,43,Afternoon,01:43 PM
825,13:44,13,44,Afternoon,01:44 PM
826,13:45,13,45,Afternoon,01:45 PM
827,13:46,13,46,Afternoon,01:46 PM
828,13:47,13,47,Afternoon,01:47 PM
829,13:48,13,48,Afternoon,01:48 PM
830,13:49,13,49,Afternoon,01:49 PM
831,13:50,13,50,Afternoon,01:50 PM
832,13:51,13,51,Afternoon,01:51 PM
833,13:52,13,52,Afternoon,01:52 PM
834,13:53,13,53,Afternoon,01:53 PM
835,13:54,13,54,Afternoon,01:54 PM
836,13:55,13,55,Afternoon,01:55 PM
837,13:56,13,56,Afternoon,01:56 PM
838,13:57,13,57,Afternoon,01:57 PM
839,13:58,13,58,Afternoon,01:58 PM
840,13:59,13,59,Afternoon,01:59 PM
841,14:00,14,0,Afternoon,02:00 PM
842,14:01,14,1,Afternoon,02:01 PM
843,14:02,14,2,Afternoon,02:02 PM
844,14:03,14,3,Afternoon,02:03 PM
845,14:04,14,4,Afternoon,02:04 PM
846,14:05,14,5,Afternoon,02:05 PM
847,14:06,14,6,Afternoon,02:06 PM
848,14:07,14,7,Afternoon,02:07 PM
849,14:08,14,8,Afternoon,02:08 PM
850,14:09,14,9,Afternoon,02:09 PM
851,14:10,14,10,Afternoon,02:10 PM
852,14:11,14,11,Afternoon,02:11 PM
853,14:12,14,12,Afternoon,02:12 PM
854,14:13,14,13,Afternoon,02:13 PM
855,14:14,14,14,Afternoon,02:14 PM
856,14:15,14,15,Afternoon,02:15 PM
857,14:16,14,16,Afternoon,02:16 PM
858,14:17,14,17,Afternoon,02:17 PM
859,14:18,14,18,Afternoon,02:18 PM
860,14:19,14,19,Afternoon,02:19 PM
861,14:20,14,20,Afternoon,02:20 PM
862,14:21,14,21,Afternoon,02:21 PM
863,14:22,14,22,Afternoon,02:22 PM
864,14:23,14,23,Afternoon,02:23 PM
865,14:24,14,24,Afternoon,02:24 PM
866,14:25,14,25,Afternoon,02:25 PM
867,14:26,14,26,Afternoon,02:26 PM
868,14:27,14,27,Afternoon,02:27 PM
869,14:28,14,28,Afternoon,02:28 PM
870,14:29,14,29,Afternoon,02:29 PM
871,14:30,14,30,Afternoon,02:30 PM
872,14:31,14,31,Afternoon,02:31 PM
873,14:32,14,32,Afternoon,02:32 PM
874,14:33,14,33,Afternoon,02:33 PM
875,14:34,14,34,Afternoon,02:34 PM
876,14:35,14,35,Afternoon,02:35 PM
877,14:36,14,36,Afternoon,02:36 PM
878,14:37,14,37,Afternoon,02:37 PM
879,14:38,14,38,Afternoon,02:38 PM
880,14:39,14,39,Afternoon,02:39 PM
881,14:40,14,40,Afternoon,02:40 PM
882,14:41,14,41,Afternoon,02:41 PM
883,14:42,14,42,Afternoon,02:42 PM
884,14:43,14,43,Afternoon,02:43 PM
885,14:44,14,44,Afternoon,02:44 PM
886,14:45,14,45,Afternoon,02:45 PM
887,14:46,14,46,Afternoon,02:46 PM
888,14:47,14,47,Afternoon,02:47 PM
889,14:48,14,48,Afternoon,02:48 PM
890,14:49,14,49,Afternoon,02:49 PM
891,14:50,14,50,Afternoon,02:50 PM
892,14:51,14,51,Afternoon,02:51 PM
893,14:52,14,52,Afternoon,02:52 PM
894,14:53,14,53,Afternoon,02:53 PM
895,14:54,14,54,Afternoon,02:54 PM
896,14:55,14,55,Afternoon,02:55 PM
897,14:56,14,56,Afternoon,02:56 PM
898,14:57,14,57,Afternoon,02:57 PM
899,14:58,14,58,Afternoon,02:58 PM
900,14:59,14,59,Afternoon,02:59 PM
901,15:00,15,0,Afternoon,03:00 PM
902,15:01,15,1,Afternoon,03:01 PM
903,15:02,15,2,Afternoon,03:02 PM
904,15:03,15,3,Afternoon,03:03 PM
905,15:04,15,4,Afternoon,03:04 PM
906,15:05,15,5,Afternoon,03:05 PM
907,15:06,15,6,Afternoon,03:06 PM
908,15:07,15,7,Afternoon,03:07 PM
909,15:08,15,8,Afternoon,03:08 PM
910,15:09,15,9,Afternoon,03:09 PM
911,15:10,15,10,Afternoon,03:10 PM
912,15:11,15,11,Afternoon,03:11 PM
913,15:12,15,12,Afternoon,03:12 PM
914,15:13,15,13,Afternoon,03:13 PM
915,15:14,15,14,Afternoon,03:14 PM
916,15:15,15,15,Afternoon,03:15 PM
917,15:16,15,16,Afternoon,03:16 PM
918,15:17,15,17,Afternoon,03:17 PM
919,15:18,15,18,Afternoon,03:18 PM
920,15:19,15,19,Afternoon,03:19 PM
921,15:20,15,20,Afternoon,03:20 PM
922,15:21,15,21,Afternoon,03:21 PM
923,15:22,15,22,Afternoon,03:22 PM
924,15:23,15,23,Afternoon,03:23 PM
925,15:24,15,24,Afternoon,03:24 PM
926,15:25,15,25,Afternoon,03:25 PM
927,15:26,15,26,Afternoon,03:26 PM
928,15:27,15,27,Afternoon,03:27 PM
929,15:28,15,28,Afternoon,03:28 PM
930,15:29,15,29,Afternoon,03:29 PM
931,15:30,15,30,Afternoon,03:30 PM
932,15:31,15,31,Afternoon,03:31 PM
933,15:32,15,32,Afternoon,03:32 PM
934,15:33,15,33,Afternoon,03:33 PM
935,15:34,15,34,Afternoon,03:34 PM
936,15:35,15,35,Afternoon,03:35 PM
937,15:36,15,36,Afternoon,03:36 PM
938,15:37,15,37,Afternoon,03:37 PM
939,15:38,15,38,Afternoon,03:38 PM
940,15:39,15,39,Afternoon,03:39 PM
941,15:40,15,40,Afternoon,03:40 PM
942,15:41,15,41,Afternoon,03:41 PM
943,15:42,15,42,Afternoon,03:42 PM
944,15:43,15,43,Afternoon,03:43 PM
945,15:44,15,44,Afternoon,03:44 PM
946,15:45,15,45,Afternoon,03:45 PM
947,15:46,15,46,Afternoon,03:46 PM
948,15:47,15,47,Afternoon,03:47 PM
949,15:48,15,48,Afternoon,03:48 PM
950,15:49,15,49,Afternoon,03:49 PM
951,15:50,15,50,Afternoon,03:50 PM
952,15:51,15,51,Afternoon,03:51 PM
953,15:52,15,52,Afternoon,03:52 PM
954,15:53,15,53,Afternoon,03:53 PM
955,15:54,15,54,Afternoon,03:54 PM
956,15:55,15,55,Afternoon,03:55 PM
957,15:56,15,56,Afternoon,03:56 PM
958,15:57,15,57,Afternoon,03:57 PM
959,15:58,15,58,Afternoon,03:58 PM
960,15:59,15,59,Afternoon,03:59 PM
961,16:00,16,0,Afternoon,04:00 PM
962,16:01,16,1,Afternoon,04:01 PM
963,16:02,16,2,Afternoon,04:02 PM
964,16:03,16,3,Afternoon,04:03 PM
965,16:04,16,4,Afternoon,04:04 PM
966,16:05,16,5,Afternoon,04:05 PM
967,16:06,16,6,Afternoon,04:06 PM
968,16:07,16,7,Afternoon,04:07 PM
969,16:08,16,8,Afternoon,04:08 PM
970,16:09,16,9,Afternoon,04:09 PM
971,16:10,16,10,Afternoon,04:10 PM
972,16:11,16,11,Afternoon,04:11 PM
973,16:12,16,12,Afternoon,04:12 PM
974,16:13,16,13,Afternoon,04:13 PM
975,16:14,16,14,Afternoon,04:14 PM
976,16:15,16,15,Afternoon,04:15 PM
977,16:16,16,16,Afternoon,04:16 PM
978,16:17,16,17,Afternoon,04:17 PM
979,16:18,16,18,Afternoon,04:18 PM
980,16:19,16,19,Afternoon,04:19 PM
981,16:20,16,20,Afternoon,04:20 PM
982,16:21,16,21,Afternoon,04:21 PM
983,16:22,16,22,Afternoon,04:22 PM
984,16:23,16,23,Afternoon,04:23 PM
985,16:24,16,24,Afternoon,04:24 PM
986,16:25,16,25,Afternoon,04:25 PM
987,16:26,16,26,Afternoon,04:26 PM
988,16:27,16,27,Afternoon,04:27 PM
989,16:28,16,28,Afternoon,04:28 PM
990,16:29,16,29,Afternoon,04:29 PM
991,16:30,16,30,Afternoon,04:30 PM
992,16:31,16,31,Afternoon,04:31 PM
993,16:32,16,32,Afternoon,04:32 PM
994,16:33,16,33,Afternoon,04:33 PM
995,16:34,16,34,Afternoon,04:34 PM
996,16:35,16,35,Afternoon,04:35 PM
997,16:36,16,36,Afternoon,04:36 PM
998,16:37,16,37,Afternoon,04:37 PM
999,16:38,16,38,Afternoon,04:38 PM
1000,16:39,16,39,Afternoon,04:39 PM
1001,16:40,16,40,Afternoon,04:40 PM
1002,16:41,16,41,Afternoon,04:41 PM
1003,16:42,16,42,Afternoon,04:42 PM
1004,16:43,16,43,Afternoon,04:43 PM
1005,16:44,16,44,Afternoon,04:44 PM
1006,16:45,16,45,Afternoon,04:45 PM
1007,16:46,16,46,Afternoon,04:46 PM
1008,16:47,16,47,Afternoon,04:47 PM
1009,16:48,16,48,Afternoon,04:48 PM
1010,16:49,16,49,Afternoon,04:49 PM
1011,16:50,16,50,Afternoon,04:50 PM
1012,16:51,16,51,Afternoon,04:51 PM
1013,16:52,16,52,Afternoon,04:52 PM
1014,16:53,16,53,Afternoon,04:53 PM
1015,16:54,16,54,Afternoon,04:54 PM
1016,16:55,16,55,Afternoon,04:55 PM
1017,16:56,16,56,Afternoon,04:56 PM
1018,16:57,16,57,Afternoon,04:57 PM
1019,16:58,16,58,Afternoon,04:58 PM
1020,16:59,16,59,Afternoon,04:59 PM
1021,17:00,17,0,Evening,05:00 PM
1022,17:01,17,1,Evening,05:01 PM
1023,17:02,17,2,Evening,05:02 PM
1024,17:03,17,3,Evening,05:03 PM
1025,17:04,17,4,Evening,05:04 PM
1026,17:05,17,5,Evening,05:05 PM
1027,17:06,17,6,Evening,05:06 PM
1028,17:07,17,7,Evening,05:07 PM
1029,17:08,17,8,Evening,05:08 PM
1030,17:09,17,9,Evening,05:09 PM
1031,17:10,17,10,Evening,05:10 PM
1032,17:11,17,11,Evening,05:11 PM
1033,17:12,17,12,Evening,05:12 PM
1034,17:13,17,13,Evening,05:13 PM
1035,17:14,17,14,Evening,05:14 PM
1036,17:15,17,15,Evening,05:15 PM
1037,17:16,17,16,Evening,05:16 PM
1038,17:17,17,17,Evening,05:17 PM
1039,17:18,17,18,Evening,05:18 PM
1040,17:19,17,19,Evening,05:19 PM
1041,17:20,17,20,Evening,05:20 PM
1042,17:21,17,21,Evening,05:21 PM
1043,17:22,17,22,Evening,05:22 PM
1044,17:23,17,23,Evening,05:23 PM
1045,17:24,17,24,Evening,05:24 PM
1046,17:25,17,25,Evening,05:25 PM
1047,17:26,17,26,Evening,05:26 PM
1048,17:27,17,27,Evening,05:27 PM
1049,17:28,17,28,Evening,05:28 PM
1050,17:29,17,29,Evening,05:29 PM
1051,17:30,17,30,Evening,05:30 PM
1052,17:31,17,31,Evening,05:31 PM
1053,17:32,17,32,Evening,05:32 PM
1054,17:33,17,33,Evening,05:33 PM
1055,17:34,17,34,Evening,05:34 PM
1056,17:35,17,35,Evening,05:35 PM
1057,17:36,17,36,Evening,05:36 PM
1058,17:37,17,37,Evening,05:37 PM
1059,17:38,17,38,Evening,05:38 PM
1060,17:39,17,39,Evening,05:39 PM
1061,17:40,17,40,Evening,05:40 PM
1062,17:41,17,41,Evening,05:41 PM
1063,17:42,17,42,Evening,05:42 PM
1064,17:43,17,43,Evening,05:43 PM
1065,17:44,17,44,Evening,05:44 PM
1066,17:45,17,45,Evening,05:45 PM
1067,17:46,17,46,Evening,05:46 PM
1068,17:47,17,47,Evening,05:47 PM
1069,17:48,17,48,Evening,05:48 PM
1070,17:49,17,49,Evening,05:49 PM
1071,17:50,17,50,Evening,05:50 PM
1072,17:51,17,51,Evening,05:51 PM
1073,17:52,17,52,Evening,05:52 PM
1074,17:53,17,53,Evening,05:53 PM
1075,17:54,17,54,Evening,05:54 PM
1076,17:55,17,55,Evening,05:55 PM
1077,17:56,17,56,Evening,05:56 PM
1078,17:57,17,57,Evening,05:57 PM
1079,17:58,17,58,Evening,05:58 PM
1080,17:59,17,59,Evening,05:59 PM
1081,18:00,18,0,Evening,06:00 PM
1082,18:01,18,1,Evening,06:01 PM
1083,18:02,18,2,Evening,06:02 PM
1084,18:03,18,3,Evening,06:03 PM
1085,18:04,18,4,Evening,06:04 PM
1086,18:05,18,5,Evening,06:05 PM
1087,18:06,18,6,Evening,06:06 PM
1088,18:07,18,7,Evening,06:07 PM
1089,18:08,18,8,Evening,06:08 PM
1090,18:09,18,9,Evening,06:09 PM
1091,18:10,18,10,Evening,06:10 PM
1092,18:11,18,11,Evening,06:11 PM
1093,18:12,18,12,Evening,06:12 PM
1094,18:13,18,13,Evening,06:13 PM
1095,18:14,18,14,Evening,06:14 PM
1096,18:15,18,15,Evening,06:15 PM
1097,18:16,18,16,Evening,06:16 PM
1098,18:17,18,17,Evening,06:17 PM
1099,18:18,18,18,Evening,06:18 PM
1100,18:19,18,19,Evening,06:19 PM
1101,18:20,18,20,Evening,06:20 PM
1102,18:21,18,21,Evening,06:21 PM
1103,18:22,18,22,Evening,06:22 PM
1104,18:23,18,23,Evening,06:23 PM
1105,18:24,18,24,Evening,06:24 PM
1106,18:25,18,25,Evening,06:25 PM
1107,18:26,18,26,Evening,06:26 PM
1108,18:27,18,27,Evening,06:27 PM
1109,18:28,18,28,Evening,06:28 PM
1110,18:29,18,29,Evening,06:29 PM
1111,18:30,18,30,Evening,06:30 PM
1112,18:31,18,31,Evening,06:31 PM
1113,18:32,18,32,Evening,06:32 PM
1114,18:33,18,33,Evening,06:33 PM
1115,18:34,18,34,Evening,06:34 PM
1116,18:35,18,35,Evening,06:35 PM
1117,18:36,18,36,Evening,06:36 PM
1118,18:37,18,37,Evening,06:37 PM
1119,18:38,18,38,Evening,06:38 PM
1120,18:39,18,39,Evening,06:39 PM
1121,18:40,18,40,Evening,06:40 PM
1122,18:41,18,41,Evening,06:41 PM
1123,18:42,18,42,Evening,06:42 PM
1124,18:43,18,43,Evening,06:43 PM
1125,18:44,18,44,Evening,06:44 PM
1126,18:45,18,45,Evening,06:45 PM
1127,18:46,18,46,Evening,06:46 PM
1128,18:47,18,47,Evening,06:47 PM
1129,18:48,18,48,Evening,06:48 PM
1130,18:49,18,49,Evening,06:49 PM
1131,18:50,18,50,Evening,06:50 PM
1132,18:51,18,51,Evening,06:51 PM
1133,18:52,18,52,Evening,06:52 PM
1134,18:53,18,53,Evening,06:53 PM
1135,18:54,18,54,Evening,06:54 PM
1136,18:55,18,55,Evening,06:55 PM
1137,18:56,18,56,Evening,06:56 PM
1138,18:57,18,57,Evening,06:57 PM
1139,18:58,18,58,Evening,06:58 PM
1140,18:59,18,59,Evening,06:59 PM
1141,19:00,19,0,Evening,07:00 PM
1142,19:01,19,1,Evening,07:01 PM
1143,19:02,19,2,Evening,07:02 PM
1144,19:03,19,3,Evening,07:03 PM
1145,19:04,19,4,Evening,07:04 PM
1146,19:05,19,5,Evening,07:05 PM
1147,19:06,19,6,Evening,07:06 PM
1148,19:07,19,7,Evening,07:07 PM
1149,19:08,19,8,Evening,07:08 PM
1150,19:09,19,9,Evening,07:09 PM
1151,19:10,19,10,Evening,07:10 PM
1152,19:11,19,11,Evening,07:11 PM
1153,19:12,19,12,Evening,07:12 PM
1154,19:13,19,13,Evening,07:13 PM
1155,19:14,19,14,Evening,07:14 PM
1156,19:15,19,15,Evening,07:15 PM
1157,19:16,19,16,Evening,07:16 PM
1158,19:17,19,17,Evening,07:17 PM
1159,19:18,19,18,Evening,07:18 PM
1160,19:19,19,19,Evening,07:19 PM
1161,19:20,19,20,Evening,07:20 PM
1162,19:21,19,21,Evening,07:21 PM
1163,19:22,19,22,Evening,07:22 PM
1164,19:23,19,23,Evening,07:23 PM
1165,19:24,19,24,Evening,07:24 PM
1166,19:25,19,25,Evening,07:25 PM
1167,19:26,19,26,Evening,07:26 PM
1168,19:27,19,27,Evening,07:27 PM
1169,19:28,19,28,Evening,07:28 PM
1170,19:29,19,29,Evening,07:29 PM
1171,19:30,19,30,Evening,07:30 PM
1172,19:31,19,31,Evening,07:31 PM
1173,19:32,19,32,Evening,07:32 PM
1174,19:33,19,33,Evening,07:33 PM
1175,19:34,19,34,Evening,07:34 PM
1176,19:35,19,35,Evening,07:35 PM
1177,19:36,19,36,Evening,07:36 PM
1178,19:37,19,37,Evening,07:37 PM
1179,19:38,19,38,Evening,07:38 PM
1180,19:39,19,39,Evening,07:39 PM
1181,19:40,19,40,Evening,07:40 PM
1182,19:41,19,41,Evening,07:41 PM
1183,19:42,19,42,Evening,07:42 PM
1184,19:43,19,43,Evening,07:43 PM
1185,19:44,19,44,Evening,07:44 PM
1186,19:45,19,45,Evening,07:45 PM
1187,19:46,19,46,Evening,07:46 PM
1188,19:47,19,47,Evening,07:47 PM
1189,19:48,19,48,Evening,07:48 PM
1190,19:49,19,49,Evening,07:49 PM
1191,19:50,19,50,Evening,07:50 PM
1192,19:51,19,51,Evening,07:51 PM
1193,19:52,19,52,Evening,07:52 PM
1194,19:53,19,53,Evening,07:53 PM
1195,19:54,19,54,Evening,07:54 PM
1196,19:55,19,55,Evening,07:55 PM
1197,19:56,19,56,Evening,07:56 PM
1198,19:57,19,57,Evening,07:57 PM
1199,19:58,19,58,Evening,07:58 PM
1200,19:59,19,59,Evening,07:59 PM
1201,20:00,20,0,Evening,08:00 PM
1202,20:01,20,1,Evening,08:01 PM
1203,20:02,20,2,Evening,08:02 PM
1204,20:03,20,3,Evening,08:03 PM
1205,20:04,20,4,Evening,08:04 PM
1206,20:05,20,5,Evening,08:05 PM
1207,20:06,20,6,Evening,08:06 PM
1208,20:07,20,7,Evening,08:07 PM
1209,20:08,20,8,Evening,08:08 PM
1210,20:09,20,9,Evening,08:09 PM
1211,20:10,20,10,Evening,08:10 PM
1212,20:11,20,11,Evening,08:11 PM
1213,20:12,20,12,Evening,08:12 PM
1214,20:13,20,13,Evening,08:13 PM
1215,20:14,20,14,Evening,08:14 PM
1216,20:15,20,15,Evening,08:15 PM
1217,20:16,20,16,Evening,08:16 PM
1218,20:17,20,17,Evening,08:17 PM
1219,20:18,20,18,Evening,08:18 PM
1220,20:19,20,19,Evening,08:19 PM
1221,20:20,20,20,Evening,08:20 PM
1222,20:21,20,21,Evening,08:21 PM
1223,20:22,20,22,Evening,08:22 PM
1224,20:23,20,23,Evening,08:23 PM
1225,20:24,20,24,Evening,08:24 PM
1226,20:25,20,25,Evening,08:25 PM
1227,20:26,20,26,Evening,08:26 PM
1228,20:27,20,27,Evening,08:27 PM
1229,20:28,20,28,Evening,08:28 PM
1230,20:29,20,29,Evening,08:29 PM
1231,20:30,20,30,Evening,08:30 PM
1232,20:31,20,31,Evening,08:31 PM
1233,20:32,20,32,Evening,08:32 PM
1234,20:33,20,33,Evening,08:33 PM
1235,20:34,20,34,Evening,08:34 PM
1236,20:35,20,35,Evening,08:35 PM
1237,20:36,20,36,Evening,08:36 PM
1238,20:37,20,37,Evening,08:37 PM
1239,20:38,20,38,Evening,08:38 PM
1240,20:39,20,39,Evening,08:39 PM
1241,20:40,20,40,Evening,08:40 PM
1242,20:41,20,41,Evening,08:41 PM
1243,20:42,20,42,Evening,08:42 PM
1244,20:43,20,43,Evening,08:43 PM
1245,20:44,20,44,Evening,08:44 PM
1246,20:45,20,45,Evening,08:45 PM
1247,20:46,20,46,Evening,08:46 PM
1248,20:47,20,47,Evening,08:47 PM
1249,20:48,20,48,Evening,08:48 PM
1250,20:49,20,49,Evening,08:49 PM
1251,20:50,20,50,Evening,08:50 PM
1252,20:51,20,51,Evening,08:51 PM
1253,20:52,20,52,Evening,08:52 PM
1254,20:53,20,53,Evening,08:53 PM
1255,20:54,20,54,Evening,08:54 PM
1256,20:55,20,55,Evening,08:55 PM
1257,20:56,20,56,Evening,08:56 PM
1258,20:57,20,57,Evening,08:57 PM
1259,20:58,20,58,Evening,08:58 PM
1260,20:59,20,59,Evening,08:59 PM
1261,21:00,21,0,Night,09:00 PM
1262,21:01,21,1,Night,09:01 PM
1263,21:02,21,2,Night,09:02 PM
1264,21:03,21,3,Night,09:03 PM
1265,21:04,21,4,Night,09:04 PM
1266,21:05,21,5,Night,09:05 PM
1267,21:06,21,6,Night,09:06 PM
1268,21:07,21,7,Night,09:07 PM
1269,21:08,21,8,Night,09:08 PM
1270,21:09,21,9,Night,09:09 PM
1271,21:10,21,10,Night,09:10 PM
1272,21:11,21,11,Night,09:11 PM
1273,21:12,21,12,Night,09:12 PM
1274,21:13,21,13,Night,09:13 PM
1275,21:14,21,14,Night,09:14 PM
1276,21:15,21,15,Night,09:15 PM
1277,21:16,21,16,Night,09:16 PM
1278,21:17,21,17,Night,09:17 PM
1279,21:18,21,18,Night,09:18 PM
1280,21:19,21,19,Night,09:19 PM
1281,21:20,21,20,Night,09:20 PM
1282,21:21,21,21,Night,09:21 PM
1283,21:22,21,22,Night,09:22 PM
1284,21:23,21,23,Night,09:23 PM
1285,21:24,21,24,Night,09:24 PM
1286,21:25,21,25,Night,09:25 PM
1287,21:26,21,26,Night,09:26 PM
1288,21:27,21,27,Night,09:27 PM
1289,21:28,21,28,Night,09:28 PM
1290,21:29,21,29,Night,09:29 PM
1291,21:30,21,30,Night,09:30 PM
1292,21:31,21,31,Night,09:31 PM
1293,21:32,21,32,Night,09:32 PM
1294,21:33,21,33,Night,09:33 PM
1295,21:34,21,34,Night,09:34 PM
1296,21:35,21,35,Night,09:35 PM
1297,21:36,21,36,Night,09:36 PM
1298,21:37,21,37,Night,09:37 PM
1299,21:38,21,38,Night,09:38 PM
1300,21:39,21,39,Night,09:39 PM
1301,21:40,21,40,Night,09:40 PM
1302,21:41,21,41,Night,09:41 PM
1303,21:42,21,42,Night,09:42 PM
1304,21:43,21,43,Night,09:43 PM
1305,21:44,21,44,Night,09:44 PM
1306,21:45,21,45,Night,09:45 PM
1307,21:46,21,46,Night,09:46 PM
1308,21:47,21,47,Night,09:47 PM
1309,21:48,21,48,Night,09:48 PM
1310,21:49,21,49,Night,09:49 PM
1311,21:50,21,50,Night,09:50 PM
1312,21:51,21,51,Night,09:51 PM
1313,21:52,21,52,Night,09:52 PM
1314,21:53,21,53,Night,09:53 PM
1315,21:54,21,54,Night,09:54 PM
1316,21:55,21,55,Night,09:55 PM
1317,21:56,21,56,Night,09:56 PM
1318,21:57,21,57,Night,09:57 PM
1319,21:58,21,58,Night,09:58 PM
1320,21:59,21,59,Night,09:59 PM
1321,22:00,22,0,Night,10:00 PM
1322,22:01,22,1,Night,10:01 PM
1323,22:02,22,2,Night,10:02 PM
1324,22:03,22,3,Night,10:03 PM
1325,22:04,22,4,Night,10:04 PM
1326,22:05,22,5,Night,10:05 PM
1327,22:06,22,6,Night,10:06 PM
1328,22:07,22,7,Night,10:07 PM
1329,22:08,22,8,Night,10:08 PM
1330,22:09,22,9,Night,10:09 PM
1331,22:10,22,10,Night,10:10 PM
1332,22:11,22,11,Night,10:11 PM
1333,22:12,22,12,Night,10:12 PM
1334,22:13,22,13,Night,10:13 PM
1335,22:14,22,14,Night,10:14 PM
1336,22:15,22,15,Night,10:15 PM
1337,22:16,22,16,Night,10:16 PM
1338,22:17,22,17,Night,10:17 PM
1339,22:18,22,18,Night,10:18 PM
1340,22:19,22,19,Night,10:19 PM
1341,22:20,22,20,Night,10:20 PM
1342,22:21,22,21,Night,10:21 PM
1343,22:22,22,22,Night,10:22 PM
1344,22:23,22,23,Night,10:23 PM
1345,22:24,22,24,Night,10:24 PM
1346,22:25,22,25,Night,10:25 PM
1347,22:26,22,26,Night,10:26 PM
1348,22:27,22,27,Night,10:27 PM
1349,22:28,22,28,Night,10:28 PM
1350,22:29,22,29,Night,10:29 PM
1351,22:30,22,30,Night,10:30 PM
1352,22:31,22,31,Night,10:31 PM
1353,22:32,22,32,Night,10:32 PM
1354,22:33,22,33,Night,10:33 PM
1355,22:34,22,34,Night,10:34 PM
1356,22:35,22,35,Night,10:35 PM
1357,22:36,22,36,Night,10:36 PM
1358,22:37,22,37,Night,10:37 PM
1359,22:38,22,38,Night,10:38 PM
1360,22:39,22,39,Night,10:39 PM
1361,22:40,22,40,Night,10:40 PM
1362,22:41,22,41,Night,10:41 PM
1363,22:42,22,42,Night,10:42 PM
1364,22:43,22,43,Night,10:43 PM
1365,22:44,22,44,Night,10:44 PM
1366,22:45,22,45,Night,10:45 PM
1367,22:46,22,46,Night,10:46 PM
1368,22:47,22,47,Night,10:47 PM
1369,22:48,22,48,Night,10:48 PM
1370,22:49,22,49,Night,10:49 PM
1371,22:50,22,50,Night,10:50 PM
1372,22:51,22,51,Night,10:51 PM
1373,22:52,22,52,Night,10:52 PM
1374,22:53,22,53,Night,10:53 PM
1375,22:54,22,54,Night,10:54 PM
1376,22:55,22,55,Night,10:55 PM
1377,22:56,22,56,Night,10:56 PM
1378,22:57,22,57,Night,10:57 PM
1379,22:58,22,58,Night,10:58 PM
1380,22:59,22,59,Night,10:59 PM
1381,23:00,23,0,Night,11:00 PM
1382,23:01,23,1,Night,11:01 PM
1383,23:02,23,2,Night,11:02 PM
1384,23:03,23,3,Night,11:03 PM
1385,23:04,23,4,Night,11:04 PM
1386,23:05,23,5,Night,11:05 PM
1387,23:06,23,6,Night,11:06 PM
1388,23:07,23,7,Night,11:07 PM
1389,23:08,23,8,Night,11:08 PM
1390,23:09,23,9,Night,11:09 PM
1391,23:10,23,10,Night,11:10 PM
1392,23:11,23,11,Night,11:11 PM
1393,23:12,23,12,Night,11:12 PM
1394,23:13,23,13,Night,11:13 PM
1395,23:14,23,14,Night,11:14 PM
1396,23:15,23,15,Night,11:15 PM
1397,23:16,23,16,Night,11:16 PM
1398,23:17,23,17,Night,11:17 PM
1399,23:18,23,18,Night,11:18 PM
1400,23:19,23,19,Night,11:19 PM
1401,23:20,23,20,Night,11:20 PM
1402,23:21,23,21,Night,11:21 PM
1403,23:22,23,22,Night,11:22 PM
1404,23:23,23,23,Night,11:23 PM
1405,23:24,23,24,Night,11:24 PM
1406,23:25,23,25,Night,11:25 PM
1407,23:26,23,26,Night,11:26 PM
1408,23:27,23,27,Night,11:27 PM
1409,23:28,23,28,Night,11:28 PM
1410,23:29,23,29,Night,11:29 PM
1411,23:30,23,30,Night,11:30 PM
1412,23:31,23,31,Night,11:31 PM
1413,23:32,23,32,Night,11:32 PM
1414,23:33,23,33,Night,11:33 PM
1415,23:34,23,34,Night,11:34 PM
1416,23:35,23,35,Night,11:35 PM
1417,23:36,23,36,Night,11:36 PM
1418,23:37,23,37,Night,11:37 PM
1419,23:38,23,38,Night,11:38 PM
1420,23:39,23,39,Night,11:39 PM
1421,23:40,23,40,Night,11:40 PM
1422,23:41,23,41,Night,11:41 PM
1423,23:42,23,42,Night,11:42 PM
1424,23:43,23,43,Night,11:43 PM
1425,23:44,23,44,Night,11:44 PM
1426,23:45,23,45,Night,11:45 PM
1427,23:46,23,46,Night,11:46 PM
1428,23:47,23,47,Night,11:47 PM
1429,23:48,23,48,Night,11:48 PM
1430,23:49,23,49,Night,11:49 PM
1431,23:50,23,50,Night,11:50 PM
1432,23:51,23,51,Night,11:51 PM
1433,23:52,23,52,Night,11:52 PM
1434,23:53,23,53,Night,11:53 PM
1435,23:54,23,54,Night,11:54 PM
1436,23:55,23,55,Night,11:55 PM
1437,23:56,23,56,Night,11:56 PM
1438,23:57,23,57,Night,11:57 PM
1439,23:58,23,58,Night,11:58 PM
1440,23:59,23,59,Night,11:59 PM
